patient_id,first_name,last_name,gender,date_of_birth,contact_number,email
1,Danielle,Johnson,Other,1971-09-19,321.819.6001,williamjohnson@baldwin.net
2,Robert,Cole,Male,1972-02-23,2654235116,melanie94@blair.com
3,Teresa,Gray,Male,2009-06-02,959-310-3413x1647,mitchellclark@yahoo.com
4,Jacqueline,Sutton,Other,1944-01-02,+1-283-276-4835x030,nadams@hotmail.com
5,Nancy,Edwards,Female,2023-06-29,672.423.8849x6965,williamdavis@callahan.com
6,Laura,Henderson,Male,1942-12-06,(697)848-0184x5146,usmith@baker.com
7,Monica,Evans,Male,2021-03-31,932.528.8095x70154,allenashley@miller.com
8,Tiffany,Patel,Male,1951-05-27,(782)489-6383,pcarney@yahoo.com
9,Samuel,Holmes,Other,1950-10-03,315.098.3930,perezrebecca@jones-young.info
10,Jason,Anderson,Male,2012-01-02,001-737-631-1656,dshields@hotmail.com
11,Denise,Lucas,Other,1942-07-15,(513)338-7262x4731,williamsyvette@gmail.com
12,Tanya,House,Other,1966-06-16,(677)360-2606,smitchell@hotmail.com
13,Wendy,Peters,Other,2000-07-09,(343)098-0500,brianromero@gmail.com
14,Casey,Jones,Male,1966-04-19,(193)990-9169x9854,john62@brewer.com
15,Albert,Howell,Other,2010-11-28,183-842-5135,samueldaniels@yahoo.com
16,Cheryl,Archer,Female,2023-04-17,084.124.1182x44935,william40@walters.com
17,Adam,Wise,Male,2020-12-30,278-680-1128x059,tanderson@nolan-flynn.com
18,Rachel,Clark,Male,1968-03-31,+1-158-692-3226x02563,kristinrodriguez@gmail.com
19,Michele,Walker,Male,1996-12-06,(433)036-5414x586,wilsontara@gmail.com
20,Beverly,Terrell,Male,1939-06-29,965-569-8169,bradley60@frost.com
21,Michael,Jones,Male,1979-03-24,+1-514-846-5648x236,christinaturner@hotmail.com
22,Martha,Torres,Other,1962-11-22,(995)777-3872x14895,emilywalker@hernandez.com
23,Tracey,Carr,Other,1944-03-13,693.676.3201x632,grantsamantha@gmail.com
24,Stephen,Solis,Male,2006-07-28,+1-957-986-8727,karen48@yahoo.com
25,Courtney,Hill,Other,1944-10-30,001-434-558-1223x623,irussell@perry-clark.biz
26,Perry,Carrillo,Male,1936-12-10,001-967-054-6688x93734,vjohnson@hotmail.com
27,Erin,Powell,Other,1956-09-30,298.069.9016x272,nicholas37@rogers-hobbs.com
28,Karen,Decker,Other,1968-08-14,708-053-1003,howelljohn@caldwell-elliott.com
29,Steven,Scott,Other,1984-06-28,(991)241-9049,mdavid@gmail.com
30,Brittany,Rivas,Other,1967-05-04,491-905-8651,atkinsonlynn@gmail.com
31,Ryan,Cox,Female,1996-11-08,001-262-849-8776x945,ramirezshannon@hudson-barnett.com
32,Anthony,Rosales,Male,1959-01-13,354.549.4808x3136,hannahbrewer@yahoo.com
33,Shane,Smith,Female,1974-05-01,634.957.8856,jacqueline44@yahoo.com
34,Jerry,Griffith,Other,1977-03-25,823-374-9894,kennethward@smith-ferguson.com
35,Brandon,Brown,Female,1974-01-17,001-271-094-7775x204,shortrichard@gmail.com
36,Barbara,Parks,Male,1954-12-08,(941)318-6999,chayes@dalton-branch.com
37,Ashley,Brown,Male,1947-10-16,001-334-123-2812x06797,halljasmine@hotmail.com
38,Michele,Jones,Other,1966-01-20,936-183-2421x024,smartinez@yahoo.com
39,Holly,Bender,Female,2002-05-26,+1-771-906-5940,suzannehuff@matthews.com
40,Barbara,Hines,Female,1958-02-16,874.296.7175x6551,robert74@landry.info
41,Christopher,King,Female,1950-01-23,001-680-876-0385x97703,sarakim@hotmail.com
42,Todd,Johnson,Male,2020-01-12,+1-324-808-6131x712,william46@yahoo.com
43,Tina,Sanchez,Male,2009-04-24,(639)821-4658,campbellkenneth@hotmail.com
44,Bethany,Keller,Female,1954-07-05,875.588.6753x396,vwilliams@thornton-shepherd.biz
45,Vanessa,Sparks,Male,2023-01-10,(702)895-1718,bowenrobert@hotmail.com
46,Tara,Jones,Male,1970-05-10,961-586-5780x91343,wgood@padilla.com
47,Rebecca,Williams,Female,1941-12-03,556-238-6922x2196,jdurham@murray.info
48,Jonathan,Smith,Male,1997-08-09,821-759-4647x4367,patrickhoward@haney-phillips.biz
49,Joshua,Knight,Female,1940-12-17,+1-743-953-3942x104,rileyjessica@gmail.com
50,Renee,Murphy,Female,1990-11-01,(328)588-4247,linda71@gmail.com
51,Karen,Perez,Other,1988-05-16,+1-516-048-1754,daniel37@gmail.com
52,Christine,Hahn,Female,1978-12-05,+1-317-461-2004x711,paulwatson@horton.com
53,Nicole,Pena,Male,2000-11-19,+1-640-537-7351x585,hhill@davis-lewis.org
54,Tasha,Williams,Other,1979-09-04,293.183.9335,ramireztracey@fernandez.com
55,Donna,Johnson,Female,1936-04-22,(395)024-0268x117,william17@hotmail.com
56,Jeffrey,Gilbert,Other,2023-12-18,470.076.6177x11592,joshuaschultz@joseph.com
57,Shawn,Jacobs,Male,1947-10-14,001-183-673-6576x615,elizabeth52@hotmail.com
58,Sandra,Jones,Female,1945-11-26,615-280-9885,qgomez@parrish-griffith.com
59,Caroline,Bell,Male,2012-12-09,327.315.8514x93689,anthony44@bell-white.com
60,Ashley,Morales,Other,1953-08-05,001-018-366-7525x4599,moorekaren@craig.info
61,Ebony,Tucker,Female,1994-06-13,(438)156-1497x84036,harrissierra@duran.com
62,David,Jimenez,Other,1992-11-23,(268)388-5160,stevenschristian@yahoo.com
63,Barbara,Berry,Other,2021-05-29,(416)052-9751x61369,fosterkyle@yahoo.com
64,Jeffrey,Maxwell,Female,1944-09-05,188.355.2312x43292,stephanieburton@webster-wolf.info
65,Erin,Macias,Other,2021-10-18,+1-955-271-7744x9058,steven00@decker-jones.com
66,Christina,Hunter,Male,1997-04-05,001-807-935-9782,vgarcia@miller.info
67,Vickie,Warren,Other,2017-04-12,(554)665-9051,grantpaul@yahoo.com
68,Jennifer,Douglas,Male,2016-04-24,(519)254-6291,vschneider@gmail.com
69,Elizabeth,Calderon,Male,2005-12-05,685-054-2357,zoemoore@richard-garcia.net
70,Mary,Stephenson,Other,1939-06-04,+1-592-962-2292x70653,karen73@hotmail.com
71,John,Sheppard,Male,1998-02-12,597.746.8862,moniquewilliams@sawyer-spencer.com
72,Jennifer,Black,Female,1951-04-03,124-782-6137x5060,joe15@gmail.com
73,Anthony,Galvan,Male,2022-09-29,220-472-7790x10432,parsonsjohn@gmail.com
74,Brandon,Barnes,Male,2019-01-19,117.980.8932x460,ashleylopez@hotmail.com
75,Christopher,Villegas,Male,1943-07-01,888.806.7065x40515,ingramjill@anderson-bell.com
76,Lisa,Thompson,Female,1997-07-09,001-722-170-4303x054,wking@hotmail.com
77,James,Kelly,Female,1940-10-16,+1-541-566-7652x7758,acostachristian@hotmail.com
78,Wanda,White,Female,1974-04-08,115-447-9627x57059,danielle01@hotmail.com
79,Dana,Cox,Other,1956-01-22,2970213556,erikarush@wallace-jones.com
80,Alyssa,Sanders,Female,2022-09-09,310-278-6814x473,igonzalez@gmail.com
81,Shannon,Roach,Male,1994-11-12,551-884-4225,gallowaylaura@tyler.com
82,Angela,Wood,Female,2009-05-13,(911)467-8669,teresaday@owens-holmes.com
83,Natalie,Deleon,Female,2021-05-12,001-226-801-8242,sarah35@jacobson.net
84,Joshua,Weber,Male,2017-11-28,+1-182-992-2995,millerstacy@baker.org
85,Danielle,Jimenez,Other,2019-08-23,+1-447-364-7102,nwashington@yahoo.com
86,Catherine,Edwards,Female,1977-09-29,001-562-588-1537x1473,williamssonia@barnes.com
87,Sarah,Griffith,Other,1960-02-14,001-278-774-7016x87339,williamstroy@hotmail.com
88,Emily,Mitchell,Other,1935-05-26,624-565-0609,angela16@cole.org
89,Erin,Wilson,Other,1947-06-12,(558)523-9868x0002,jstone@hotmail.com
90,Patricia,Taylor,Male,2017-09-21,269-495-8887x94705,whitneybrandy@hotmail.com
91,Monica,Soto,Other,2015-07-11,499.309.7289x6230,andrewedwards@gutierrez.biz
92,Warren,Carr,Other,1998-06-21,001-028-385-7865x2785,chelsea33@yahoo.com
93,Angela,Walker,Male,1974-10-16,001-437-575-8441x98665,bobby15@douglas-burgess.com
94,James,Ryan,Other,2010-10-11,001-421-993-3083x301,jennifer12@gmail.com
95,Tamara,Spence,Other,1955-10-13,(773)454-0193x80262,lfrench@hayden.com
96,Kenneth,Morrison,Male,1979-11-20,788-728-7431x5274,doylekrystal@craig.biz
97,Margaret,Robertson,Male,1946-02-02,(122)753-0463x7454,desiree30@wilson.net
98,Sandra,Barron,Female,1976-08-10,001-145-933-2727x956,kathleenbecker@hotmail.com
99,Morgan,Miller,Female,1995-02-01,519.108.8398x22587,jenniferburns@griffin.biz
100,Stephen,Brown,Female,1997-03-19,+1-406-403-9106x51801,mitchellhector@gmail.com
